<?xml version="1.0"?>
<doc>
    <assembly>
        <name>StudyPlat</name>
    </assembly>
    <members>
        <member name="M:StudyPlat.Controllers.AuthenticateController.LoginGenerateJWT">
            <summary>
            登陆用的获取JWT的方式，传参通过表单来传，他们的key分别是:password/phone_number
            </summary>
            <remarks>
            返回信息示例 :
                
                Post/sample
                {
                    "header":
                    {
                        "code" : 0,
                        "message" : "登陆成功"
                    },
                    "token" : asdsadad.adasdad.asdasdas,
                    "user":
                    {
                        "user_type" : 1,
                        "user_id":"1"
                    }
                }
            其中，user_type: 1代表用户，2代表专家，3代表管理员
            code对应的情况:
            0:登陆成功
            -1:手机号或密码有误
            -2：其他原因导致的登陆失败
            </remarks>
            <returns></returns>
        </member>
        <member name="M:StudyPlat.Controllers.AuthenticateController.RegisterGenerateJWT">
            <summary>
            注册，注册成功后返回JWT，当前传参方式使用表单，key: user_name/password/phone_number
            </summary>
            <remarks>
            返回信息示例 :
                
                Post/sample
                {
                    "header":
                    {
                        "code" : 0,
                        "message" : "注册成功"
                    },
                    "token" : null,
                    "user":
                    {
                        "user_type" : 1,
                        "user_id":"1"
                    }
                }
            其中，user_type: 1代表用户，2代表专家，3代表管理员
            code对应的情况:
            0:登陆成功
            -1:该手机号已经被注册
            -2：信息填写不全面，注册失败，请检查
            </remarks>
            <returns></returns>
        </member>
        <member name="T:StudyPlat.Controllers.CollectionController">
            <summary>
            这是用于收藏使用的类
            </summary>
        </member>
        <member name="M:StudyPlat.Controllers.CollectionController.CollectQuestion(System.String,System.String)">
            <summary>
            收藏问题,参数:question_id, user_id
            </summary>
            <remarks>
            header中会返回收藏成功或失败的信息，以收藏成功为例 :
                
                Post/sample
                {
                    "code" : 0,
                    "message" : "题目收藏成功"
                }
             code对应的情况:
             0:题目收藏成功
             1:已收藏该题目
             -1:已收藏题目数量达到上限，收藏失败
             -2:没有对应的题目，请检查相应题目id
            </remarks>
            <param name="question_id"></param>
            <param name="user_id"></param>
            <returns></returns>
        </member>
        <member name="M:StudyPlat.Controllers.CollectionController.CollectBook(System.String,System.String)">
            <summary>
            收藏书本，参数: user_id,isbn
            </summary>
            <remarks>
            header中会返回收藏成功或失败的信息，以收藏成功为例 :
                  
                Post/sample
                {
                    "code" : 0,
                    "message" : "书本收藏成功"
                }
             code对应的情况:
             0:书本收藏成功
             1:已收藏该书本
             -1:已收藏书本数量达到上限，收藏失败
             -2:没有对应的书本，请检查isbn
            </remarks>
            <param name="user_id"></param>
            <param name="isbn"></param>
            <returns></returns>
        </member>
        <member name="M:StudyPlat.Controllers.CollectionController.CollectCourse(System.String,System.String)">
            <summary>
            收藏课程，参数:user_id,course_id
            </summary>
            <remarks>
            header中会返回收藏成功或失败的信息，以收藏成功为例 :
            
                Post/sample
                {
                    "code" : 0,
                    "message" : "课程收藏成功"
                }
             code对应的情况:
             0:课程收藏成功
             1:已收藏该课程
             -1:已收藏课程数量达到上限，收藏失败
             -2:没有对应的课程，请检查课程ID
            </remarks>
            <param name="user_id"></param>
            <param name="course_id"></param>
            <returns></returns>
        </member>
        <member name="M:StudyPlat.Controllers.CollectionController.DeCollectQuestion(System.String,System.String)">
            <summary>
            问题取消收藏,参数:user_id,question_id
            </summary>
            <remarks>
            header中会返回行动是否执行成功的信息，以取消收藏成功为例 :
                
                Delete/sample
                {
                    "code" : 0,
                    "message" : "取消收藏成功"
                }
             code对应的情况:
             0:取消收藏成功
             -1:取消收藏失败
            </remarks>
            <param name="user_id"></param>
            <param name="question_id"></param>
            <returns></returns>
        </member>
        <member name="M:StudyPlat.Controllers.CollectionController.DeCollectBook(System.String,System.String)">
            <summary>
            书本取消收藏，参数:user_id,isbn
            </summary>
            <remarks>
            header中会返回行动是否执行成功的信息，以取消收藏成功为例 :
                
                Delete/sample
                {
                    "code" : 0,
                    "message" : "取消收藏成功"
                }
             code对应的情况:
             0:取消收藏成功
             -1:取消收藏失败
            </remarks>
            <param name="user_id"></param>
            <param name="isbn"></param>
            <returns></returns>
        </member>
        <member name="M:StudyPlat.Controllers.CollectionController.DeCollectCourse(System.String,System.String)">
            <summary>
            课程取消收藏,参数:user_id,course_id
            </summary>
            <remarks>
            header中会返回行动是否执行成功的信息，以取消收藏成功为例 :
                
                Delete/sample
                {
                    "code" : 0,
                    "message" : "取消收藏成功"
                }
                
             code对应的情况:
             0:取消收藏成功
             -1:取消收藏失败
            </remarks>
            <param name="user_id"></param>
            <param name="course_id"></param>
            <returns></returns>
        </member>
        <member name="M:StudyPlat.Controllers.CollectionController.MakeNoteForQuestion(System.String,System.String)">
            <summary>
            为指定问题添加笔记的api，参数:user_id,question_id
            用表单传笔记，key:note
            </summary>
                
                Post/sample
                {
                    "code" : 0,
                    "message" : "添加笔记成功"
                }
                
             code对应的情况:
             0:添加笔记成功
             -1:没有对应的收藏项，请检查参数
             -2:数据库相关操作出现问题，请检查相关代码
            <param name="user_id"></param>
            <param name="question_id"></param>
            <returns></returns>
        </member>
        <member name="M:StudyPlat.Controllers.CollectionController.GetNoteForQuestion(System.String,System.String)">
            <summary>
            获取笔记的api，参数:user_id,question_id
            </summary>
            <remarks>
                
                Get/sample
                {
                    "header":
                    {
                        "code" : 0,
                        "message" : "添加笔记成功"
                    },
                    "data":"笔记内容"
                }
                
             code对应的情况:
             0:获取笔记成功
            </remarks>
            <param name="user_id"></param>
            <param name="question_id"></param>
            <returns></returns>
        </member>
        <member name="M:StudyPlat.Controllers.DataController.AddBook">
            <summary>
            用于添加Book的api，以表单形式传参
            key:isbn/book_name/author/publisher/year/month/day/comprehension/pic_url/course_name
            </summary>
            <remarks>
            返回信息示例 :
            
                Post/Sample
                {
                    "code" : 0,
                    "message" : "保存成功"
                }
                
            code对应情况:
            0:保存成功
            -1:isbn码出现重复，请检查数据库内是否已经录入相关内容
            -2:isbn码/bookName/picUrl未填写，请完善后再次尝试录入书本信息
            -3:已储存了同名书籍
            </remarks>
        </member>
        <member name="M:StudyPlat.Controllers.DataController.AddQuestion">
            <summary>
            用于添加题目的api，用表单来传参
            key:question_stem/pic_url/course_name/book_name/major_name
            </summary>
            <remarks>
            返回信息示例 :
            
                Post/Sample
                {
                    "code" : 0,
                    "message" : "保存成功"
                }
                
            code对应情况:
            0:保存成功
            -1:question_id出现重复，请检查数据库后再试
            -2:输入的书籍名称有误，请检查数据库后再试
            -3:输入的课程名称有误，请检查数据库后再试
            -4:说明存在题干相同的题目
            </remarks>
        </member>
        <member name="M:StudyPlat.Controllers.DataController.AddAnswer(System.String,System.String)">
            <summary>
            专家回答问题的接口，参数有:question_id/expert_id
            通过表单传递回答的答案，表单的key是answer_content
            </summary>
            <remarks>
            返回信息示例 :
            
                Post/Sample
                {
                    "code" : 0,
                    "message" : "成功回答问题"
                }
                
            code对应情况:
            0:成功回答问题
            -1:回答传入的信息有误，可能是传入的question_id或是expert_id为空，或是回答的答案为空
            -2:已经有相同内容的答案
            -3回答传入的信息有误，可能是传入的question_id或是expert_id为空，或是回答的答案为空
            -4:这个用户不是专家
            </remarks>>
            <param name="question_id"></param>
            <param name="expert_id"></param>
            <returns></returns>
        </member>
        <member name="M:StudyPlat.Controllers.DataController.AddCourse">
            <summary>
            添加一门课程，利用表单形式传参，一次只能绑定一个专业，后续需要添加专业要去调用相应api
            key:course_name/comprehension/major_name/pic_url
            </summary>
            <remarks>
            返回信息示例 :
            
                Post/Sample
                {
                    "code" : 0,
                    "message" : "课程添加成功"
                }
                
            code对应情况:
            0:课程添加成功
            -1:数据库有异常
            -2:没有对应的major_name
            -3:数据库中已存在同名课程
            </remarks>
            <returns></returns>
        </member>
        <member name="M:StudyPlat.Controllers.DataController.AddMajor">
            <summary>
            添加专业的api，使用表单传参
            key:major_name
            </summary>
            <remarks>
            返回信息示例 :
            
                Post/Sample
                {
                    "code" : 0,
                    "message" : "专业添加成功"
                }
                
            code对应情况:
            0:专业添加成功
            -1:该专业已存在
            -2:数据库出现错误，请检查
            </remarks>
            <returns></returns>
        </member>
        <member name="M:StudyPlat.Controllers.DataController.DeleteMajor(System.String)">
            <summary>
            删去特定专业的api，参数:major_id
            </summary>
            <reamrks>
            返回信息示例 :
            
                Delete/Sample
                {
                    "code" : 0,
                    "message" : "删除对应专业成功"
                }
                
            code对应情况:
            0:删除对应专业成功
            -1:不存在相应的专业，请检查后再试
            -2:删除专业对应的课程/书本/题目/回答信息出错
            -3:数据库操作出现问题，请检查相关代码后再次尝试
            </reamrks>
            <param name="major_id"></param>
            <returns></returns>
        </member>
        <member name="M:StudyPlat.Controllers.DataController.DeleteBook(System.String)">
            <summary>
            删除书本的api，参数;isbn
            </summary>
            <remarks>
            返回信息示例 :
            
                Delete/Sample
                {
                    "code" : 0,
                    "message" : "删除对应书籍成功"
                }
                
            code对应情况:
            0:删除对应书籍成功
            -1:不存在对应的书籍
            -2:数据库出现问题，请检查代码后再次尝试该操作
            </remarks>
            <param name="isbn"></param>
            <returns></returns>
            
        </member>
        <member name="M:StudyPlat.Controllers.DataController.DeleteAnswer(System.String)">
            <summary>
            删除答案，参数answer_id
            </summary>
            <remarks>
            返回信息示例 :
            
                Delete/Sample
                {
                    "code" : 0,
                    "message" : "成功删除对应答案"
                }
                
            code对应情况:
            0:成功删除对应答案
            -1:不存在相应的答案
            -2:数据库操作出现问题，请检查相关代码
            </remarks>
            <param name="answer_id"></param>
            <returns></returns>
        </member>
        <member name="M:StudyPlat.Controllers.DataController.DeleteQuestion(System.String)">
            <summary>
            删除问题，参数:question_id
            </summary>
            <remarks>
            返回信息示例 :
            
                Delete/Sample
                {
                    "code" : 0,
                    "message" : "成功删除对应答案"
                }
                
            code对应情况:
            0:成功删除对应问题
            -1:不存在对应的问题，请检查参数
            -2:在删除问题所对应的答案时出错
            -3:数据库操作出现问题，请检查相关代码
            </remarks>
            <param name="question_id"></param>
            <returns></returns>
        </member>
        <member name="M:StudyPlat.Controllers.DataController.DeleteCourse(System.String)">
            <summary>
            删除课程的接口，参数:course_id
            </summary>
            <remarks>
            返回信息示例 :
            
                Delete/Sample
                {
                    "code" : 0,
                    "message" : "成功删除对应课程"
                }
                
            code对应情况:
            0:成功删除相关课程
            -1:不存在对应的课程，请检查参数
            -2:在删除相关书籍/问题/答案时出现错误
            -3:数据库相关操作出现错误
            </remarks>
            <param name="course_id"></param>
            <returns></returns>
        </member>
        <member name="M:StudyPlat.Controllers.DataController.AddExpert">
            <summary>
            在管理员界面增添专家用户的接口表单传参
            key:expert_name/phone_num/password/major_name
            </summary>
            <returns></returns>
        </member>
        <member name="M:StudyPlat.Controllers.DataController.ApproveAnswer(System.String,System.String)">
            <summary>
            点赞的api，参数:answer_id,user_id
            </summary>
            <remarks>
            返回信息示例 :
            
                Post/Sample
                {
                    "code" : 0,
                    "message" : "点赞成功"
                }
                
            code对应的情况:
            1:您已为该答案点过赞
            0:点赞成功
            -1:没有对应的答案，请检查answer_id
            -2:数据库相关操作有误
            </remarks>
            <param name="answer_id"></param>
            <param name="user_id"></param>
            <returns></returns>
        </member>
        <member name="M:StudyPlat.Controllers.FeedbackController.GetFeedBack(System.String)">
            <summary>
            获取反馈信息的api，参数:feedback_id
            </summary>
            <remarks>
            返回反馈信息，返回信息示例 :
                
                Get/sample
                {
                    "header":
                    {
                        "code" : 0,
                        "message" : "获取相应反馈信息成功"
                    },
                    "data":
                    {
                        "content" : "http//:",
                        "feedback_id": [""]
                        "isfinished":"false",
                        "time":"2022-8-27"
                    }
                }
             code对应的情况:
             0:获取相应反馈信息成功
             -1:没有找到相应反馈信息，请检查参数是否正确
            </remarks>
            <param name="feedback_id"></param>
            <returns></returns>
        </member>
        <member name="M:StudyPlat.Controllers.FeedbackController.AddFeedback">
            <summary>
            进行一个反馈，表单传参，key:content
            </summary>
            <remarks>
            返回信息示例 :
            
                Post/Sample
                {
                    "code" : 0,
                    "message" : "反馈成功"
                }
                
            code对应情况:
            0:反馈成功
            -1:数据库相关出现问题，请检查相关代码
            </remarks>
            <returns></returns>
        </member>
        <member name="M:StudyPlat.Controllers.FeedbackController.GetFeedbackList">
            <summary>
            用于管理员界面展示，先获得已处理反馈的idlist和未处理反馈的idlist
            </summary>
            <remarks>
            返回信息示例 :
            
                Get/Sample
                {
                    "header" :
                    {
                        "code" : 0,
                        "message" : "成功获得对应的idlist"
                    } ,
                    "data":
                    {
                        "finishedList" : ["1"],
                        "unfinishedList" :["2"]
                    }
                }
                
            code对应情况:
            0:成功获得对应的idlist
            </remarks>
            <returns></returns>
        </member>
        <member name="M:StudyPlat.Controllers.FeedbackController.SwitchStatus(System.String)">
            <summary>
            修改特定反馈信息的状态，当这条反馈信息为未处理时，会将其转为已处理；当这条反馈信息为已处理时，会将其转为未处理。
            参数:feedback_id
            </summary>
            <remarks>
            返回信息示例 :
            
                Post/Sample
                {
                    "code" : 0,
                    "message" : "反馈信息的状态已被成功改变"
                }
                
            code对应情况:
            0:反馈信息的状态已被成功改变
            -1:数据库操作出现问题，请检查代码后重试
            -2:没找到对应的反馈信息，请检查传入的参数是否正确
            </remarks>
            <param name="feedback_id"></param>
            <returns></returns>
        </member>
        <member name="M:StudyPlat.Controllers.PersonalController.GetPersonalInformation(System.String)">
            <summary>
            根据用户ID来获取用户的个人信息，用于个人信息页面，参数:user_id
            </summary>
            <remarks>
            major_name代表major对应的id，返回信息示例 :
                
                Get/sample
                {
                    "header":
                    {
                        "code" : 0,
                        "message" : "个人信息获取成功"
                    },
                    "personalInformation":
                    {
                        "user_name" : "name",
                        "school" : "TJU",
                        "major_name" : "CS"
                        "phone_number":"139190"
                    }
                }
             code对应的情况:
             0:获取个人信息成功
            </remarks>
            <param name="user_id"></param>
            <returns></returns>
        </member>
        <member name="M:StudyPlat.Controllers.PersonalController.SetPersonalInformation(System.String)">
            <summary>
            修改个人信息，参数:user_id,同时使用表单进行个人数据的修改，Key:user_name/school/major_id
            传递的个人数据分别代表更改后的用户名/学校名称/专业id，其中初步设想是major_id这块的值传入需要做成固定形式
            防止出现奇怪的专业名，为后续的操作带来麻烦,例如提供一个用户可选的下拉栏，其中内容为各个专业名，用户可以
            选择相应专业名，然后前端根据选择情况向后端传递对应的major_id，具体实现可以再进行讨论
            </summary>
            <remarks>
            返回修改后的用户信息，返回信息示例 :
                
                Post/sample
                {
                    "header":
                    {
                        "code" : 0,
                        "message" : "个人信息修改成功"
                    },
                    "personalInformation":
                    {
                        "user_name" : "name",
                        "school" : "TJU",
                        "major_name" : "CS",
                        "phone_number" : "139190"
                    }
                }
             code对应的情况:
             0:获取个人信息成功
             -1:user_id或修改的用户名为空，请检查
            </remarks>
            <param name="user_id"></param>
            <returns></returns>
        </member>
        <member name="M:StudyPlat.Controllers.PersonalController.UpdatePassword(System.String)">
            <summary>
            修改密码
            参数:user_id
            表单:old_password/new_password
            </summary>
            <remarks>
            
                Post/sample
                {
                    "code" : 0,
                    "message" : "修改密码成功"
                }
                
            code对应的情况:
            0:修改密码成功
            -1:数据库有误，请检查
            -2:输入的原密码与数据库中存储的数据不一致，请检查后再次输入
            </remarks>
            <param name="user_id"></param>
            <returns></returns>
        </member>
        <member name="M:StudyPlat.Controllers.QueryController.GetQuestion(System.String)">
            <summary>
            获取特定题目，根据question_id来取回question可能会用到的数据，参数：question_id
            </summary>
            <remarks>
            answer_id_list是一个最多包含5个答案ID的数组
            pic_url是图片的相应地址，可能为空，此时答案不附图片
            返回题目信息，返回信息示例 :
                
                Get/sample
                {
                    "header":
                    {
                        "code" : 0,
                        "message" : "获取题目信息成功"
                    },
                    "data":
                    {
                        "pic_url" : "http//:",
                        "answer_id_list": [""]
                        "question_stem":"题干信息",
                        "question_id":"1",
                        "post_time" :""
                    }
                }
             code对应的情况:
             0:获取题目信息成功
             -1:没有相应题目信息，请检查ID是否出错
            </remarks>
            <param name="question_id"></param>
            <returns></returns>
        </member>
        <member name="M:StudyPlat.Controllers.QueryController.GetAnswer(System.String)">
            <summary>
            根据answer_id来获取特定答案，参数:answer_id
            </summary>
            <remarks>
            answer_id_list是一个最多包含5个答案ID的数组
            pic_url是图片的相应地址，可能为空，此时答案不附图片
            返回答案信息，返回信息示例 :
                
                Get/sample
                {
                    "header":
                    {
                        "code" : 0,
                        "message" : "获取答案信息成功"
                    },
                    "data":
                    {
                        "answer_content" : "这道题目的解答思路是",
                        "answer_id": "001",
                        "expert_name": "数学专家",
                        "approve" : 0
                    }
                }
             code对应的情况:
             0:根据答案id获取答案信息成功
             -1:没有相应的答案信息，请检查ID是否出错
            </remarks>
            <param name="answer_id"></param>
            <returns></returns>
        </member>
        <member name="M:StudyPlat.Controllers.QueryController.GetBook(System.String)">
            <summary>
            根据isbn取一个特定的书本信息，参数:isbn
            </summary>
            <remarks>
            返回书籍信息，返回信息示例 :
                
                Get/sample
                {
                    "header":
                    {
                        "code" : 0,
                        "message" : "根据书本id获取书本信息成功"
                    },
                    "data":
                    {
                        "isbn" : "12346",
                        "book_name": "高等数学",
                        "author" :"作者",
                        "publish_time" : "一个时间戳",
                        "publisher" : "出版社",
                        "comprehension" : "简介",
                        "pic_url": "https//:"
                    }
                }
             code对应的情况:
             0:根据书本id获取书本信息成功
             -1:没有相应的书本信息，请检查Isbn是否出错
            </remarks>
            <param name="isbn"></param>
            <returns></returns>
        </member>
        <member name="M:StudyPlat.Controllers.QueryController.GetCourse(System.String)">
            <summary>
            根据course_id来取一个特定的课程，参数:course_id
            </summary>
            <remarks>
            返回课程信息，返回信息示例 :
                
                Get/sample
                {
                    "header":
                    {
                        "code" : 0,
                        "message" : "根据课程id获取课程信息成功"
                    },
                    "data":
                    {
                        "course_id" : "12346",
                        "comprehension": "有关计算机硬件的一门课",
                        "course_name" :"计算机系统结构",
                        "pic_url" : "https://"
                    }
                }
             code对应的情况:
             0:根据课程id获取课程信息成功
             -1:没有相应的课程信息，请检查课程ID是否出错
             </remarks>
            <param name="course_id"></param>
            <returns></returns>
        </member>
        <member name="M:StudyPlat.Controllers.QueryController.GetApproveAnswerIDList(System.String)">
            <summary>
            获取这个用户点赞的答案的IDList，参数:user_id
            </summary>
            <remarks>
            返回IdList，返回信息示例 :
                
                Get/sample
                {
                    "header":
                    {
                        "code" : 0,
                        "message" : "获取该用户点赞的Answer IDList成功"
                    },
                    "data":
                    {
                        "IdList" : ["1"]
                    }
                }
             code对应的情况:
             0:获取该用户点赞的Answer IDList成功
            </remarks>
            <param name="user_id"></param>
            <returns></returns>
        </member>
        <member name="M:StudyPlat.Controllers.QueryController.QueryQuestion(System.String)">
            <summary>
            通过关键字搜索题目，参数:text
            </summary>
            <remarks>
            IdList是一个装有相关题目ID的链表
            返回搜索题目信息，返回信息示例 :
            
                Get/sample
                {
                    "header":
                    {
                        "code" : 0,
                        "message" : "获取相关题目ID成功"
                    },
                    "data":
                    {
                        "IdList" : [""],
                    }
                }
             code对应的情况:
             0:获取相关题目ID成功
            </remarks>
            <param name="text"></param>
            <returns></returns>
        </member>
        <member name="M:StudyPlat.Controllers.QueryController.QueryBook(System.String)">
            <summary>
            通过关键字搜索书籍，参数；text
            </summary>
            <remarks>
            IdList是一个装有相关书籍isbn的链表
            返回搜索书籍信息，返回信息示例 :
            
                Get/sample
                {
                    "header":
                    {
                        "code" : 0,
                        "message" : "获取相关书籍isbn码成功"
                    },
                    "data":
                    {
                        "IdList" : [""],
                    }
                }
             code对应的情况:
             0:获取相关书籍isbn码成功
            </remarks>
            <param name="text"></param>
            <returns></returns>
        </member>
        <member name="M:StudyPlat.Controllers.QueryController.QueryCourse(System.String)">
            <summary>
            通过关键字搜索相关课程，参数:text
            </summary>
            <remarks>
            IdList是一个装有相关课程id的链表
            返回搜索课程信息，返回信息示例 :
            
                Get/sample
                {
                    "header":
                    {
                        "code" : 0,
                        "message" : "获取相关课程ID成功"
                    },
                    "data":
                    {
                        "IdList" : [""],
                    }
                }
             code对应的情况:
             0:获取相关课程ID成功
            </remarks>
            <param name="text"></param>
            <returns></returns>
        </member>
        <member name="M:StudyPlat.Controllers.QueryController.QueryCollectionQuestion(System.String,System.String)">
            <summary>
            用于在收藏夹界面搜索题目用的接口，参数:user_id/text
            返回符合条件的题目的IDList
            </summary>
            <remarks>
            返回信息实例:
            
                Get/Sample:
                {
                    "header":
                    {
                        "code" = 0,
                        "message" = "搜索到了该用户收藏题目ID的List数据"
                    },
                    "data":
                    {
                        IdList = ["1"]
                    }
                }
                
            code对应的情况:
            0:搜索到了该用户收藏题目ID的List数据
            -1:参数user_id或text为空，请检查
            </remarks>
            <param name="user_id"></param>
            <param name="text"></param>
            <returns></returns>
        </member>
        <member name="M:StudyPlat.Controllers.QueryController.QueryCollectionBook(System.String,System.String)">
            <summary>
            用于在收藏夹界面搜索书本用的接口，参数:user_id/text
            返回符合条件的书本的ISBN的list
            </summary>
            <remarks>
            返回信息实例:
            
                Get/Sample:
                {
                    "header":
                    {
                        "code" = 0,
                        "message" = "搜索到了该用户收藏书本的ISBN码的List数据"
                    },
                    "data":
                    {
                        IdList = ["1"]
                    }
                }
                
            code对应的情况:
            0:搜索到了该用户收藏书本的ISBN码的List数据
            -1:参数user_id或text为空,请检查
            </remarks>>
            <param name="user_id"></param>
            <param name="text"></param>
            <returns></returns>
        </member>
        <member name="M:StudyPlat.Controllers.QueryController.QueryCollectionCourse(System.String,System.String)">
            <summary>
            用于在收藏夹界面搜索课程用到的接口，参数:user_id/text
            返回符合条件的课程的IDList
            </summary>
            <remarks>
            返回信息实例:
            
                Get/Sample:
                {
                    "header":
                    {
                        "code" = 0,
                        "message" = "搜索到了该用户收藏书本的ID的List数据"
                    },
                    "data":
                    {
                        IdList = ["1"]
                    }
                }
                
            code对应的情况:
            0:搜索到了该用户收藏书本的ID的List数据
            -1:参数user_id或text为空,请检查
            </remarks>
            <param name="user_id"></param>
            <param name="text"></param>
            <returns></returns>
        </member>
        <member name="M:StudyPlat.Controllers.QueryController.GetCollectionQuestion(System.String)">
            <summary>
            这是用于获得特定用户当前已收藏所有题目id的api,
            </summary>
            <remarks>
            idArray是一个大小为50的string数组，包含有所有收藏题目的ID信息 :
                
                Get/sample
                {
                    "header":
                    {
                        "code" : 0,
                        "message" : "返回了所有收藏题目的ID信息"
                    },
                    "data":
                    {
                        "idArray" : [""]
                    }
                }
            </remarks>
            <param name="user_id"></param>
            <returns></returns>
        </member>
        <member name="M:StudyPlat.Controllers.QueryController.GetCollectionBook(System.String)">
            <summary>
            用于获得收藏书本的所有ID
            </summary>
            <remarks>
            idArray是一个大小为50的string数组，包含有所有收藏书本的信息 :
                
                Get/sample
                {
                    "header":
                    {
                        "code" : 0,
                        "message" : "返回了所有收藏书本的isbn码信息"
                    },
                    "data":
                    {
                        "idArray" : [""]
                    }
                }
            </remarks>
            <param name="user_id"></param>
            <returns></returns>
        </member>
        <member name="M:StudyPlat.Controllers.QueryController.GetCollectionCourse(System.String)">
            <summary>
            用于获得收藏课程的所有ID
            </summary>
            <remarks>
            idArray是一个大小为50的string数组，包含有所有课程ID的信息 :
                
                Get/sample
                {
                    "header":
                    {
                        "code" : 0,
                        "message" : "返回了所有收藏课程的ID信息"
                    },
                    "data":
                    {
                        "idArray" : [""]
                    }
                }
            </remarks>
            <param name="user_id"></param>
            <returns></returns>
        </member>
        <member name="M:StudyPlat.Controllers.QueryController.GetQuestionForExpert(System.String)">
            <summary>
            获得专家答题界面所需展现的问题的IDList，参数：expert_id
            </summary>
            <remarks>
            finishedIDList:该专家已回答过的问题的idlist
            unfinishedIDList:待该专家回答的问题的idList
            返回信息实例:
            
                Get/Sample:
                {
                    "header":
                    {
                        "code" : 0,
                        "message" : "获得该专家回答过的题目的IDList和待回答题目IDList"
                    },
                    "data":
                    {
                        "finishedIDList" : ["1"],
                        "unfinishedIDList" : ["2","3"]
                    }
                }
            </remarks>>
            <param name="expert_id"></param>
            <returns></returns>
        </member>
        <member name="M:StudyPlat.Controllers.QueryController.GetMajorInfo">
            <summary>
            获得major相关信息，分别获得两个list，一个是IDList一个是NameList
            </summary>
            <remarks>
            返回信息实例:
            
                Get/Sample:
                {
                    "header":
                    {
                        "code" : 0,
                        "message" : "获取专业相关信息成功"
                    },
                    "data":
                    {
                        "IDList" : ["1"],
                        "NameList" : ["数学"]
                    }
                }
                
            code对应情况:
            0:获取专业信息成功
            </remarks>
            <returns></returns>
        </member>
        <member name="M:StudyPlat.Controllers.QueryController.GetCourseByMajor(System.String)">
            <summary>
            用于课程库，根据专业名来获取相关课程的IDList，参数:major_name
            当major_name 为“所有专业”时返回所有course的IDlist
            </summary>
            <remarks>
            返回信息实例:
            
                Get/Sample:
                {
                    "header":
                    {
                        "code" : 0,
                        "message" : "获取对应专业下的课程IDList成功"
                    },
                    "data":
                    {
                        "IDList" : ["1"],
                    }
                }
                
            code对应情况:
            0:获取对应专业下的课程IDList成功
            -1:major_name有误，数据库中没有相关信息。请检查
            -2:major_name为空，请检查
            </remarks>
            <param name="major_name"></param>
            <returns></returns>
        </member>
        <member name="M:StudyPlat.Controllers.QueryController.GetBookByMajor(System.String)">
            <summary>
            用于书籍库，根据专业名获得相关书籍的ISBN的List，参数:major_name
            当major_name为“所有专业”时，返回所有书籍的ISBN List
            </summary>
            <remarks>
            返回信息实例:
            
                Get/Sample:
                {
                    "header":
                    {
                        "code" : 0,
                        "message" : "获得对应专业下的ISBN List成功"
                    },
                    "data":
                    {
                        "IDList" : ["1"],
                    }
                }
                
            code对应情况:
            0:获得对应专业下的ISBN List成功
            -1:major_name有误，数据库中没有相关信息。请检查
            -2:major_name为空，请检查
            </remarks>
            <param name="major_name"></param>
            <returns></returns>
        </member>
        <member name="M:StudyPlat.Controllers.QueryController.RecommendForCourse(System.String)">
            <summary>
            用于课程详情，根据课程id获得相关书籍ISBN的List和题目id的List，参数:course_id
            </summary>
            <param name="course_id"></param>
            <returns>
            返回信息实例:
            
                Get/Sample:
                {
                    "header":
                    {
                        "code" : 0,
                        "message" : "获得课程对应的推荐书籍和题目成功"
                    },
                    "data":
                    {
                        "isbnList" : ["1"],
                        "questionIDList" : ["1"],
                    }
                }
                
            code对应情况:
            0:获得对应课程的推荐内容成功
            </returns>
        </member>
        <member name="M:StudyPlat.Controllers.QueryController.RecommendForBook(System.String)">
            <summary>
            用于书籍详情，根据isbn获得相关课程id的List和题目id的List，参数:isbn
            </summary>
            <param name="isbn"></param>
            <returns>
            返回信息实例:
            
                Get/Sample:
                {
                    "header":
                    {
                        "code" : 0,
                        "message" : "获得书籍对应的推荐课程和题目成功"
                    },
                    "data":
                    {
                        "courseIDListList" : ["1"],
                        "questionIDList" : ["1"],
                    }
                }
                
            code对应情况:
            0:获得对应书籍的推荐内容成功
            </returns>
        </member>
    </members>
</doc>
